notion_titel,notion_slug,neubau_sanierung
AC CONCRETE MIX,ac-concrete-mix,
COPETTI FLOOR KCF 05,korodur-copetti-floor-kcf-05,Neubau
"DUROP 0,5 - 1,0",durop-05-10,
GRANIDUR 05,granidur-05,Neubau
GRANIDUR 08,,Neubau
GRANIDUR BIANCO,,Neubau
GRANIDUR NERO,,Neubau
KCF 08,,
KOROCRETE,korocrete,Neubau|Sanierung
KOROCURE,korocure,Neubau|Sanierung
KORODUR 0/4,korodur-04,Neubau|Sanierung
KORODUR Diamantbeton,korodur-diamantbeton,Neubau|Sanierung
KORODUR FSCem,korodur-fscem,Neubau|Sanierung
KORODUR FSCem Basic,korodur-fscem-basic,Neubau
KORODUR FSCem Screed,korodur-fscem-screed,Neubau|Sanierung
KORODUR HB 5,korodur-hb-5,Neubau|Sanierung
KORODUR HB 5 rapid,korodur-hb-5-rapid,Neubau|Sanierung
KORODUR PC,korodur-pc,Neubau|Sanierung
KORODUR Robust 0/3,korodur-robust-03,Neubau|Sanierung
KORODUR TXPK,korodur-txpk,Neubau|Sanierung
KORODUR VS 0/5,korodur-vs-05,Neubau|Sanierung
KORODUR WH-Spezial,korodur-wh-spezial,Neubau|Sanierung
KORODUR WH-metallisch,korodur-wh-metallisch,Neubau|Sanierung
KORODUR easyFinish,korodur-easyfinish,Neubau
KORODUR nanoFinish,korodur-nanofinish,Neubau
KORODUR uniPrimer,korodur-uniprimer,Neubau|Sanierung
KOROMINERAL,koromineral,Neubau|Sanierung
KOROMINERAL CURE,koromineral-cure,Neubau|Sanierung
KOROMINERAL Lasur,koromineral-lasur,Neubau|Sanierung
KOROMINERAL Li+,koromineral-li,Neubau|Sanierung
KOROPHALT 02,korophalt-02,Neubau
KOROTEX,korotex,Neubau|Sanierung
M-BED QUELLVERGUSSMÖRTEL,m-bed-quellvergussmoertel,
MICROTOP TW 02,microtop-tw-02,Sanierung
MICROTOP TW 3,microtop-tw-3,Sanierung
MICROTOP TW 5,microtop-tw-5,Sanierung
MICROTOP TW 8,microtop-tw-8,Sanierung
MICROTOP TW BM,microtop-tw-bm,Sanierung
MICROTOP TW Mineral,microtop-tw-mineral,Sanierung
MICROTOP TW NSM,microtop-tw-nsm,Sanierung
MICROTOP TW VSM,microtop-tw-vsm,Sanierung
NEODUR AM Super und AM Super Plus,neodur-am-super-plus,
NEODUR DM DRAINMÖRTEL,neodur-dm-drainmoertel,
NEODUR HE 2,neodur-he-2,Neubau
NEODUR HE 3,neodur-he-3,Neubau
"NEODUR HE 3 SVS 1,5",neodur-he-3-svs-1-5,Neubau
NEODUR HE 3 SVS 3,neodur-he-3-svs-3,Neubau
NEODUR HE 3 green,neodur-he-3-green,Neubau
NEODUR HE 3 metallisch,neodur-he-3-metallisch,Neubau
NEODUR HE 40,neodur-he-40,Neubau|Sanierung
NEODUR HE 40/8,,Sanierung
NEODUR HE 60 rapid,neodur-he-60-rapid,Sanierung
"NEODUR HE 60 rapid SVS 1,5",,Sanierung
NEODUR HE 60 rapid SVS 3,,Sanierung
NEODUR HE 60 rapid metallisch,neodur-he-60-rapid-metallisch,Sanierung
NEODUR HE 65,neodur-he-65,Neubau|Sanierung
NEODUR HE 65 Plus,neodur-he-65-plus,Sanierung
NEODUR HE 65 Plus SVS 3,,Sanierung
"NEODUR HE 65 SVS 1,5",,Neubau|Sanierung
NEODUR HE 65 SVS 3,,Neubau|Sanierung
NEODUR HE 65 metallisch,neodur-he-65-metallisch,Neubau|Sanierung
NEODUR Level,neodur-level,Sanierung
NEODUR Level AU,neodur-level-au,Neubau
NEODUR MSB 8,,
NEODUR MSM 3,neodur-msm-3,Neubau|Sanierung
NEODUR MSM 5,,
NEODUR PFM 1K Easyfix,neodur-pfm-1k-easyfix,Sanierung
NEODUR PFM-ZE,neodur-pfm-ze,
"NEODUR SM SVS 5 1,5",neodur-sm-svs-5-15,
NEODUR SM SVS 5 3,neodur-sm-svs-5-3,
NEODUR SVM 03,neodur-svm-03,
NEODUR SVM 04,neodur-svm-04,
NEODUR SVM 4,,
NEODUR USM 3,neodur-usm-3,
NEODUR USM 5,neodur-usm-5,
NEODUR VB 8,,
NEODUR VM 1,neodur-vm-1,
NEODUR VM 3,,
NEODUR VM 5,,
NEODUR VM basic,neodur-vm-basic,
Rapid Set ASPHALT REPAIR MIX,asphalt-repair-mix,Sanierung
Rapid Set CEMENT ALL,rapid-set-cement-all,Sanierung
Rapid Set CEMENT ALL Plus,rapid-set-cement-all-plus,Neubau|Sanierung
Rapid Set CONCRETE (Schnellbeton),rapid-set-concrete,Sanierung
Rapid Set CONCRETE MIX,concrete-mix,Sanierung
Rapid Set DOT Europe CONCRETE MIX,dot-europe-concrete-mix,Neubau|Sanierung
Rapid Set LevelFlor,levelflor,Neubau|Sanierung
Rapid Set MORTAR MIX,rapid-set-mortar-mix,Sanierung
Rapid Set MORTAR MIX DUR,rapid-set-mortar-mix-dur,Neubau|Sanierung
TRU PC,tru-pc,Neubau
TRU SP,tru-sp,Neubau
TRU Self-Leveling,tru-self-leveling,Neubau|Sanierung
