title,pa,conf,id
NEODUR HE 2,Hartstoffeinstreuung,hoch,2ec670e19e1a81139710da7714f18dd8
NEODUR Level AU,Hartstoffeinstreuung,mittel,2ec670e19e1a814d80b0fb59fb37e798
"NEODUR SM SVS 5 1,5",Sichtestrich,review,2ec670e19e1a812ead4ed6ae5bf6c0b8
NEODUR SM SVS 5 3,Sichtestrich,review,2ec670e19e1a81baa364c8537f2fe6d0
NEODUR SVM 04,Vergussmörtel,hoch,2ec670e19e1a81cdb876c9334a61d271
M-BED QUELLVERGUSSMÖRTEL,Vergussmörtel,hoch,2ec670e19e1a814c90fbced3e3d9ea0f
NEODUR DM DRAINMÖRTEL,Vergussmörtel,review,2ec670e19e1a81c19b94d7c5f83b3e5b
NEODUR AM Super und AM Super Plus,Reparaturmörtel,review,2ec670e19e1a81d7bd0fe1b78dc6c0f3
NEODUR MSM 3,Spritzmörtel,review,2ec670e19e1a81dbbb60e78d06b9f310
NEODUR PFM-ZE,Vergussmörtel,review,2ec670e19e1a818da585daa8189bd874
NEODUR PFM 1K Easyfix,Vergussmörtel,review,2ec670e19e1a8158b7d9de3c1e374522
FSCem,Industrieestrich,review,2ec670e19e1a81b79d4cf2c59d3222cd
FSCem Basic,Industrieestrich,review,2ec670e19e1a816da3aec3a235476ad4
AC CONCRETE MIX,Reparaturmörtel,hoch,2ec670e19e1a81e3b015d6ed720bf7d8
CONCRETE (Schnellbeton),Vergussbeton,mittel,2ec670e19e1a8193a2d0c57f93c7877b
KOROPHALT 02,Reparaturmörtel,mittel,2ec670e19e1a81d1b7c7f62ead16f27e
LevelFlor,Sichtestrich,review,2ec670e19e1a81d6b447f86ffdc55aca
GRANIDUR,Sichtestrich,hoch,2fa670e19e1a8004838fcc2e571c2d02
KOROTAN,Oberflächenvergütung,review,2ec670e19e1a81eba4efdbf274ccae10
KOROCURE,Oberflächenvergütung,hoch,2ec670e19e1a81369456d52a1ed6bb66
KOROCRETE,Vergussbeton,mittel,2ec670e19e1a8187b1d3e9f65094b738
KOROMINERAL Lasur,Oberflächenvergütung,hoch,2fd670e19e1a80239e07d97cb8ce7881
